Model,RMSE,R2_Score
Linear Regression,14.558266802530776,0.6633653890257917
Gradient Boosting,14.337824566944121,0.6734828916547675
