Model,RMSE,R2_Score
Linear Regression,14.596428479640117,0.6615982310443589
Gradient Boosting,14.337824566944121,0.6734828916547675
